courseId,userId,profile.id,profile.name.givenName,profile.name.familyName,profile.name.fullName,profile.emailAddress

73650942,92994542,60083902,Edward,Johnson,Edward Johnson,xstone@vega-young.com

71682477,33799639,39053620,Laura,Riley,Laura Riley,operez@davis.org

32011874,72502618,32921033,Ethan,Medina,Ethan Medina,ccox@hotmail.com

93744269,5909389,8281743,Jeremy,Nguyen,Jeremy Nguyen,srios@smith.net

64121898,34626699,3786382,Maria,Watkins,Maria Watkins,hrandall@yahoo.com

74006739,81260112,57259874,Austin,Hernandez,Austin Hernandez,ylara@duncan-parker.com

5583344,79924907,60436435,Karen,Owens,Karen Owens,steven21@hotmail.com

5419852,14218981,79353778,Phyllis,Lopez,Phyllis Lopez,lanebeth@gmail.com

7593854,24721486,57083840,Edward,Graham,Edward Graham,rosalesann@summers-johnson.net

38663200,61170332,22942464,Timothy,Hamilton,Timothy Hamilton,jonathancarson@yahoo.com

38538223,81857784,36801546,David,Alvarez,David Alvarez,nicoleharper@booth-davis.com

60748129,56517112,63668013,Hayden,Lopez,Hayden Lopez,laura49@hernandez.com

78606956,70127815,3281856,Jeremy,Espinoza,Jeremy Espinoza,ltaylor@gmail.com

7510330,32492043,27236542,Joshua,Carter,Joshua Carter,mmosley@rose-lawrence.com

74717474,55771077,66980469,Christine,Hopkins,Christine Hopkins,dchang@gmail.com

96305008,87275837,32134723,Ryan,Ross,Ryan Ross,sabrinamiller@gmail.com

13908521,91732043,91343783,Amanda,Flores,Amanda Flores,brianwagner@gmail.com

47281684,31396104,88581653,Christian,Dixon,Christian Dixon,melissaadkins@yahoo.com

43434846,48616747,84734307,Jerry,Rivers,Jerry Rivers,kaylawang@hotmail.com

62831363,6317745,53640240,Manuel,Salazar,Manuel Salazar,charlene80@goodwin-shaw.org

91606128,86911943,52113333,Suzanne,Rich,Suzanne Rich,christophermcknight@blackwell.com

50264355,35214891,27850516,Ashley,Randall,Ashley Randall,scott15@olson.info

11802699,363786,12619283,Jessica,Garcia,Jessica Garcia,olsonkevin@yahoo.com

92440764,53896125,11576071,Timothy,Walton,Timothy Walton,perezmaurice@warren-davis.com

71744204,88723409,82531645,Tanner,Cruz,Tanner Cruz,matthewknapp@massey.info

69808881,4115116,69903931,Jennifer,Moyer,Jennifer Moyer,bishopchristopher@yahoo.com

91061633,82900519,18529858,James,Carey,James Carey,kyle12@yahoo.com

1337797,2366575,57452138,Susan,Wise,Susan Wise,hobbsrhonda@hall.com

26503008,25790618,49597647,Catherine,Lopez,Catherine Lopez,kathryn59@yahoo.com

72161775,18233253,66163357,Brenda,Odom,Brenda Odom,wilsontony@bradley.com

37967477,62167417,63500790,Zachary,Willis,Zachary Willis,jamesdominguez@yahoo.com

32328199,19327480,63151027,Lawrence,Rodriguez,Lawrence Rodriguez,terri48@hotmail.com

14075448,89287819,64410682,Eric,White,Eric White,sullivanlisa@hoffman.com

59554771,20871094,94701498,Kenneth,Lewis,Kenneth Lewis,hudsonsharon@gmail.com

47449661,24066698,35359868,Stacey,Jarvis,Stacey Jarvis,katherine11@pena-johnson.com

11572522,74962452,96953932,John,Singleton,John Singleton,imartinez@gmail.com

51072134,99310473,32105976,Stephen,Nelson,Stephen Nelson,evansbenjamin@yahoo.com

41397921,27522813,35564457,Cynthia,Barton,Cynthia Barton,weberkrista@kelly.biz

60990723,68630034,41544390,Mark,Brown,Mark Brown,barbarawalker@odom.com

42934293,35745902,28659986,John,Cervantes,John Cervantes,nicholasgarner@freeman.org

55923044,73379789,60973493,Alexander,Collins,Alexander Collins,samanthapham@gmail.com

60196633,20765721,80031275,David,Mitchell,David Mitchell,walshphillip@hotmail.com

28419622,4245267,46510822,David,Cruz,David Cruz,angelicalara@moreno-donaldson.com

90374602,69778474,40511711,Stephanie,Moreno,Stephanie Moreno,franklinmonica@cooper-conner.com

33389258,52613777,50570118,Erin,Ferguson,Erin Ferguson,sfreeman@gamble.org

59929114,72434350,44684400,Jessica,Arias,Jessica Arias,william54@hotmail.com

40668646,38180365,24649904,Matthew,Alvarado,Matthew Alvarado,wadesandra@cox.net

45808250,34512393,75026526,Teresa,Smith,Teresa Smith,davidforbes@hotmail.com

90397241,80099260,13571701,Charles,Petersen,Charles Petersen,jennifer74@bradley.org

62477763,50760519,35669340,Kathleen,Willis,Kathleen Willis,jacob29@gmail.com

571512,41613749,57143847,Jocelyn,Cobb,Jocelyn Cobb,jeremy61@kidd.net

83153189,45934877,3482297,Jessica,Rodriguez,Jessica Rodriguez,brittany99@mcconnell-reid.net

20019850,1881838,58631174,Kathy,Wright,Kathy Wright,theodore72@hotmail.com

63846437,68829819,17555866,Jessica,Mckinney,Jessica Mckinney,fbarnett@clark-anderson.com

89703378,94015466,5551493,Linda,Valenzuela,Linda Valenzuela,keyrichard@hotmail.com

79098640,29900085,92628387,Kathy,Brown,Kathy Brown,lopezamy@jennings.info

53467583,22347657,79656318,Jill,Kelly,Jill Kelly,linda11@phillips.info

92063048,11618834,593610,Lisa,Graves,Lisa Graves,cooperkristin@brown-hall.com

53842057,97381756,12136607,Kayla,Thompson,Kayla Thompson,ilopez@george-robbins.com

96743096,73242533,62588118,Kyle,Carlson,Kyle Carlson,nicole64@briggs-gilmore.com

27184642,31733129,93612782,Katherine,Roman,Katherine Roman,christine23@yahoo.com

69098141,98110357,21777637,Tracy,Ford,Tracy Ford,bobby00@mills-juarez.com

9411167,13752588,90808216,Melissa,Stone,Melissa Stone,abond@conner.net

80022341,72294510,416718,Jamie,Palmer,Jamie Palmer,brandonpowell@yahoo.com

35262459,28600886,19619497,Susan,Mosley,Susan Mosley,richard69@romero.com

54190565,13420161,39262187,James,Pacheco,James Pacheco,patricia41@yahoo.com

10302167,14633308,54996789,Michelle,Hall,Michelle Hall,dianadavis@murray.com

35204867,70004401,87469028,Stacy,Holt,Stacy Holt,oacosta@walsh.com

79075133,92598850,97838375,Maria,Burns,Maria Burns,rturner@walsh-poole.info

13692163,80285557,16761122,Tanya,Martin,Tanya Martin,jennifer00@gmail.com

63666345,3529445,21942171,Kathy,Taylor,Kathy Taylor,harringtongeorge@huff.biz

40945231,33773162,39001848,Kristina,Ortiz,Kristina Ortiz,ryan39@yahoo.com

17091064,46688315,7116730,Robert,Chen,Robert Chen,jamesmartin@rubio.org

96588791,27475299,83738951,George,Smith,George Smith,longchristina@marshall-estes.com

50367571,20298471,83652328,Wanda,Meyer,Wanda Meyer,robertgilmore@hughes.info

30421789,70361010,51551342,Michael,Hughes,Michael Hughes,williamsjames@yahoo.com

1996409,2864537,69074697,Tom,Chavez,Tom Chavez,vhamilton@gmail.com

11352441,37060423,71459349,Katherine,Austin,Katherine Austin,hollowayjacqueline@gmail.com

70965947,64536732,53226288,Brooke,Gallagher,Brooke Gallagher,jonathan50@anderson-davis.com

64982243,43838677,30911080,Kristy,Dennis,Kristy Dennis,william97@pierce.com

40459264,63260760,88482541,Jerry,Bautista,Jerry Bautista,twilliams@sanchez.org

86410351,68235776,19601525,Faith,Bailey,Faith Bailey,kylehicks@hotmail.com

78971823,18325579,65473008,Nathan,Bailey,Nathan Bailey,huffheather@fernandez-mitchell.net

35461858,67720144,87931980,Stacey,Davis,Stacey Davis,masonwayne@hotmail.com

94097116,18725230,25928190,Preston,Bartlett,Preston Bartlett,walshjennifer@guerra.com

32310537,83230423,21043365,Shelby,Harvey,Shelby Harvey,craiglarsen@yahoo.com

99141444,77943678,1774209,Alicia,Brady,Alicia Brady,coconnor@lewis.com

70566959,46973489,13071936,Jacqueline,Reynolds,Jacqueline Reynolds,montgomerykimberly@gmail.com

96908648,49619394,17099963,Stephen,Aguilar,Stephen Aguilar,williamboyd@yahoo.com

43660350,86950910,96088369,Jessica,Costa,Jessica Costa,smithdeborah@hotmail.com

11918775,75768941,23143037,David,Carrillo,David Carrillo,osanford@yahoo.com

65957697,91271348,91236316,Sandra,Fields,Sandra Fields,alexandramitchell@gmail.com

20336888,60002228,5838472,Karen,Anderson,Karen Anderson,ygarcia@yahoo.com

76537991,86332498,25704784,Eric,Rojas,Eric Rojas,garellano@powell.com

66127478,49122834,82502494,Jeremy,Dennis,Jeremy Dennis,erobinson@gmail.com

62961504,42916464,90610434,Billy,Lowery,Billy Lowery,jgoodman@hotmail.com

57251830,43311022,62689627,John,Arnold,John Arnold,ashleeaustin@yahoo.com

76165355,92311706,7376037,Natalie,Murray,Natalie Murray,amitchell@butler-robinson.com

